{"cameraMode":{"drawMode":0,"name":"Shaded","section":"Shading Mode"},"sceneLighting":false,"audioPlay":false,"sceneViewState":{"showFog":true,"showMaterialUpdate":false,"showSkybox":false,"showFlares":true,"showImageEffects":true,"showParticleSystems":true},"in2DMode":false,"pivot":{"x":-0.02668154239654541,"y":-0.03365245461463928,"z":0.028067082166671754},"rotation":{"x":0.32864266633987429,"y":-0.33883798122406008,"z":0.127658411860466,"w":0.8722941279411316},"size":0.2338297963142395,"orthographic":false}